game_id,season,date
5439,2015/2016,15.10.2015
5463,2015/2016,16.10.2015
5416,2015/2016,17.10.2015
5365,2015/2016,18.10.2015
5451,2015/2016,19.10.2015
5428,2015/2016,19.10.2015
5377,2015/2016,21.10.2015
5389,2015/2016,21.10.2015
5366,2015/2016,21.10.2015
5497,2015/2016,21.10.2015
5474,2015/2016,28.10.2015
5485,2015/2016,18.11.2015
5412,2015/2016,23.10.2015
5401,2015/2016,24.10.2015
5405,2015/2016,24.10.2015
5407,2015/2016,25.10.2015
5410,2015/2016,26.10.2015
5409,2015/2016,26.10.2015
5414,2015/2016,31.10.2015
5417,2015/2016,31.10.2015
5418,2015/2016,31.10.2015
5419,2015/2016,31.10.2015
5421,2015/2016,31.10.2015
5420,2015/2016,31.10.2015
5422,2015/2016,04.11.2015
5424,2015/2016,04.11.2015
5426,2015/2016,04.11.2015
5429,2015/2016,04.11.2015
5425,2015/2016,04.11.2015
5423,2015/2016,04.11.2015
5431,2015/2016,07.11.2015
5435,2015/2016,08.11.2015
5434,2015/2016,08.11.2015
5433,2015/2016,08.11.2015
5430,2015/2016,09.11.2015
5432,2015/2016,09.11.2015
5436,2015/2016,14.11.2015
5437,2015/2016,14.11.2015
5441,2015/2016,14.11.2015
5442,2015/2016,14.11.2015
5438,2015/2016,15.11.2015
5440,2015/2016,16.11.2015
5446,2015/2016,18.11.2015
5448,2015/2016,19.11.2015
5444,2015/2016,21.11.2015
5443,2015/2016,22.11.2015
5445,2015/2016,22.11.2015
5447,2015/2016,23.11.2015
5454,2015/2016,27.11.2015
5449,2015/2016,28.11.2015
5455,2015/2016,28.11.2015
5452,2015/2016,28.11.2015
5453,2015/2016,28.11.2015
5456,2015/2016,29.11.2015
5457,2015/2016,02.12.2015
5458,2015/2016,02.12.2015
5459,2015/2016,02.12.2015
5460,2015/2016,02.12.2015
5461,2015/2016,02.12.2015
5464,2015/2016,02.12.2015
5470,2015/2016,04.12.2015
5468,2015/2016,05.12.2015
5469,2015/2016,05.12.2015
5467,2015/2016,06.12.2015
5465,2015/2016,07.12.2015
5466,2015/2016,07.12.2015
5471,2015/2016,12.12.2015
5476,2015/2016,12.12.2015
5473,2015/2016,13.12.2015
5472,2015/2016,13.12.2015
5477,2015/2016,14.12.2015
5475,2015/2016,14.12.2015
5478,2015/2016,27.01.2016
5480,2015/2016,03.02.2016
5481,2015/2016,03.02.2016
5483,2015/2016,03.02.2016
5479,2015/2016,03.02.2016
5482,2015/2016,03.02.2016
5487,2015/2016,14.01.2016
5486,2015/2016,15.01.2016
5489,2015/2016,16.01.2016
5484,2015/2016,16.01.2016
5488,2015/2016,16.01.2016
5490,2015/2016,17.01.2016
5494,2015/2016,23.01.2016
5498,2015/2016,23.01.2016
5491,2015/2016,23.01.2016
5492,2015/2016,23.01.2016
5495,2015/2016,24.01.2016
5493,2015/2016,25.01.2016
5500,2015/2016,30.01.2016
5499,2015/2016,30.01.2016
5502,2015/2016,30.01.2016
5504,2015/2016,30.01.2016
5501,2015/2016,30.01.2016
5503,2015/2016,31.01.2016
5368,2015/2016,06.02.2016
5506,2015/2016,06.02.2016
5367,2015/2016,06.02.2016
5369,2015/2016,07.02.2016
5505,2015/2016,08.02.2016
5507,2015/2016,08.02.2016
5375,2015/2016,12.02.2016
5370,2015/2016,13.02.2016
5374,2015/2016,13.02.2016
5371,2015/2016,14.02.2016
5372,2015/2016,14.02.2016
5373,2015/2016,15.02.2016
5378,2015/2016,20.02.2016
5379,2015/2016,21.02.2016
5380,2015/2016,21.02.2016
5376,2015/2016,22.02.2016
5381,2015/2016,22.02.2016
5382,2015/2016,02.03.2016
5383,2015/2016,26.02.2016
5387,2015/2016,27.02.2016
5384,2015/2016,27.02.2016
5390,2015/2016,27.02.2016
5386,2015/2016,28.02.2016
5385,2015/2016,29.02.2016
5394,2015/2016,05.03.2016
5393,2015/2016,05.03.2016
5392,2015/2016,05.03.2016
5395,2015/2016,05.03.2016
5396,2015/2016,06.03.2016
5391,2015/2016,07.03.2016
5399,2015/2016,11.03.2016
5397,2015/2016,12.03.2016
5402,2015/2016,12.03.2016
5404,2015/2016,12.03.2016
5403,2015/2016,13.03.2016
5398,2015/2016,14.03.2016
5541,2015/2016,19.03.2016
5545,2015/2016,23.03.2016
5542,2015/2016,08.04.2016
5546,2015/2016,11.04.2016
5547,2015/2016,15.04.2016
5548,2015/2016,19.03.2016
5551,2015/2016,21.03.2016
5552,2015/2016,09.04.2016
5549,2015/2016,09.04.2016
5554,2015/2016,19.03.2016
5556,2015/2016,20.03.2016
5557,2015/2016,24.03.2016
5555,2015/2016,08.04.2016
5559,2015/2016,25.03.2016
5558,2015/2016,09.04.2016
5560,2015/2016,19.04.2016
5561,2015/2016,20.04.2016
5562,2015/2016,28.04.2016
5565,2015/2016,22.04.2016
5566,2015/2016,23.04.2016
5567,2015/2016,28.04.2016
5570,2015/2016,23.04.2016
5573,2015/2016,28.04.2016
5576,2015/2016,22.04.2016
5577,2015/2016,29.04.2016
5579,2015/2016,23.04.2016
5580,2015/2016,28.04.2016
5581,2015/2016,29.04.2016
5571,2015/2016,23.04.2016
5572,2015/2016,28.04.2016
5575,2015/2016,29.04.2016
5984,2016/2017,15.10.2016
5995,2016/2017,15.10.2016
5846,2016/2017,15.10.2016
5951,2016/2017,16.10.2016
5940,2016/2017,16.10.2016
5962,2016/2017,17.10.2016
5973,2016/2017,18.10.2016
5880,2016/2017,22.10.2016
5847,2016/2017,22.10.2016
5869,2016/2017,22.10.2016
6017,2016/2017,22.10.2016
5858,2016/2017,23.10.2016
6006,2016/2017,23.10.2016
5891,2016/2017,24.10.2016
5939,2016/2017,28.10.2016
5902,2016/2017,29.10.2016
5924,2016/2017,29.10.2016
5941,2016/2017,29.10.2016
5942,2016/2017,29.10.2016
5913,2016/2017,31.10.2016
5935,2016/2017,31.10.2016
5946,2016/2017,05.11.2016
5944,2016/2017,05.11.2016
5945,2016/2017,06.11.2016
5949,2016/2017,06.11.2016
5943,2016/2017,06.11.2016
5947,2016/2017,07.11.2016
5948,2016/2017,08.11.2016
5954,2016/2017,12.11.2016
5956,2016/2017,12.11.2016
5950,2016/2017,13.11.2016
5955,2016/2017,13.11.2016
5957,2016/2017,13.11.2016
5953,2016/2017,14.11.2016
5952,2016/2017,24.11.2016
5961,2016/2017,17.11.2016
5960,2016/2017,19.11.2016
5964,2016/2017,19.11.2016
5959,2016/2017,19.11.2016
5963,2016/2017,20.11.2016
5958,2016/2017,20.11.2016
5965,2016/2017,21.11.2016
5971,2016/2017,25.11.2016
5968,2016/2017,26.11.2016
5967,2016/2017,26.11.2016
5970,2016/2017,26.11.2016
5969,2016/2017,27.11.2016
5966,2016/2017,27.11.2016
5972,2016/2017,28.11.2016
5974,2016/2017,30.11.2016
5975,2016/2017,30.11.2016
5976,2016/2017,30.11.2016
5978,2016/2017,30.11.2016
5979,2016/2017,30.11.2016
5980,2016/2017,30.11.2016
5977,2016/2017,30.11.2016
5982,2016/2017,03.12.2016
5986,2016/2017,03.12.2016
5987,2016/2017,03.12.2016
5981,2016/2017,03.12.2016
5985,2016/2017,04.12.2016
5988,2016/2017,04.12.2016
5983,2016/2017,04.12.2016
5991,2016/2017,07.12.2016
5992,2016/2017,07.12.2016
5993,2016/2017,07.12.2016
5994,2016/2017,07.12.2016
5996,2016/2017,07.12.2016
5989,2016/2017,07.12.2016
5990,2016/2017,15.12.2016
5997,2016/2017,10.12.2016
5999,2016/2017,10.12.2016
6001,2016/2017,10.12.2016
6002,2016/2017,10.12.2016
5998,2016/2017,11.12.2016
6000,2016/2017,11.12.2016
6003,2016/2017,12.12.2016
6011,2016/2017,17.12.2016
6005,2016/2017,17.12.2016
6008,2016/2017,17.12.2016
6004,2016/2017,18.12.2016
6007,2016/2017,18.12.2016
6009,2016/2017,18.12.2016
6010,2016/2017,19.12.2016
6012,2016/2017,22.12.2016
6015,2016/2017,22.12.2016
6014,2016/2017,23.12.2016
6016,2016/2017,23.12.2016
6013,2016/2017,23.12.2016
6018,2016/2017,30.12.2016
6019,2016/2017,30.12.2016
6022,2016/2017,04.01.2017
6025,2016/2017,04.01.2017
6026,2016/2017,04.01.2017
6021,2016/2017,04.01.2017
6023,2016/2017,04.01.2017
6020,2016/2017,22.02.2017
6024,2016/2017,01.03.2017
5851,2016/2017,07.01.2017
5850,2016/2017,07.01.2017
5848,2016/2017,07.01.2017
5852,2016/2017,08.01.2017
5853,2016/2017,09.01.2017
5849,2016/2017,07.02.2017
6027,2016/2017,22.03.2017
5859,2016/2017,13.01.2017
5855,2016/2017,13.01.2017
5857,2016/2017,14.01.2017
5856,2016/2017,14.01.2017
5854,2016/2017,15.01.2017
5861,2016/2017,16.01.2017
5860,2016/2017,23.02.2017
5864,2016/2017,21.01.2017
5867,2016/2017,21.01.2017
5863,2016/2017,21.01.2017
5865,2016/2017,21.01.2017
5862,2016/2017,22.01.2017
5866,2016/2017,22.01.2017
5868,2016/2017,22.01.2017
5874,2016/2017,28.01.2017
5872,2016/2017,28.01.2017
5873,2016/2017,28.01.2017
5876,2016/2017,28.01.2017
5870,2016/2017,29.01.2017
5875,2016/2017,29.01.2017
5871,2016/2017,29.01.2017
5883,2016/2017,10.02.2017
5878,2016/2017,11.02.2017
5882,2016/2017,11.02.2017
5884,2016/2017,11.02.2017
5879,2016/2017,11.02.2017
5877,2016/2017,11.02.2017
5881,2016/2017,12.02.2017
5889,2016/2017,05.02.2017
5888,2016/2017,15.02.2017
5890,2016/2017,15.02.2017
5892,2016/2017,15.02.2017
5887,2016/2017,15.02.2017
5885,2016/2017,15.02.2017
5886,2016/2017,15.02.2017
5897,2016/2017,18.02.2017
5898,2016/2017,19.02.2017
5893,2016/2017,19.02.2017
5894,2016/2017,19.02.2017
5899,2016/2017,19.02.2017
5895,2016/2017,20.02.2017
5896,2016/2017,20.02.2017
5901,2016/2017,25.02.2017
5907,2016/2017,25.02.2017
5904,2016/2017,26.02.2017
5905,2016/2017,26.02.2017
5900,2016/2017,26.02.2017
5906,2016/2017,27.02.2017
5903,2016/2017,21.03.2017
5911,2016/2017,04.03.2017
5912,2016/2017,04.03.2017
5914,2016/2017,05.03.2017
5908,2016/2017,05.03.2017
5910,2016/2017,05.03.2017
5909,2016/2017,05.03.2017
5915,2016/2017,06.03.2017
5918,2016/2017,10.03.2017
5920,2016/2017,11.03.2017
5922,2016/2017,11.03.2017
5917,2016/2017,12.03.2017
5919,2016/2017,12.03.2017
5921,2016/2017,12.03.2017
5916,2016/2017,13.03.2017
5930,2016/2017,15.03.2017
5927,2016/2017,16.03.2017
5926,2016/2017,17.03.2017
5925,2016/2017,18.03.2017
5923,2016/2017,18.03.2017
5928,2016/2017,19.03.2017
5929,2016/2017,20.03.2017
5938,2016/2017,25.03.2017
5932,2016/2017,26.03.2017
5931,2016/2017,26.03.2017
5937,2016/2017,26.03.2017
5933,2016/2017,27.03.2017
5934,2016/2017,27.03.2017
5936,2016/2017,28.03.2017
6190,2016/2017,03.04.2017
6192,2016/2017,04.04.2017
6191,2016/2017,08.04.2017
6193,2016/2017,10.04.2017
6236,2016/2017,14.04.2017
6237,2016/2017,19.04.2017
6238,2016/2017,13.04.2017
6239,2016/2017,19.04.2017
6188,2016/2017,30.03.2017
6189,2016/2017,07.04.2017
6200,2016/2017,03.04.2017
6201,2016/2017,09.04.2017
6196,2016/2017,02.04.2017
6197,2016/2017,08.04.2017
6198,2016/2017,03.04.2017
6199,2016/2017,07.04.2017
6194,2016/2017,02.04.2017
6195,2016/2017,08.04.2017
6248,2016/2017,22.04.2017
6249,2016/2017,23.04.2017
6262,2016/2017,27.04.2017
6263,2016/2017,28.04.2017
6599,2017/2018,14.10.2017
6610,2017/2018,14.10.2017
6654,2017/2018,15.10.2017
6632,2017/2018,15.10.2017
6505,2017/2018,16.10.2017
6621,2017/2018,16.10.2017
6643,2017/2018,16.10.2017
6550,2017/2018,20.10.2017
6665,2017/2018,21.10.2017
6517,2017/2018,21.10.2017
6528,2017/2018,21.10.2017
6506,2017/2018,22.10.2017
6676,2017/2018,23.10.2017
6539,2017/2018,25.10.2017
6583,2017/2018,28.10.2017
6594,2017/2018,28.10.2017
6598,2017/2018,28.10.2017
6600,2017/2018,29.10.2017
6601,2017/2018,29.10.2017
6572,2017/2018,29.10.2017
6561,2017/2018,30.10.2017
6608,2017/2018,03.11.2017
6605,2017/2018,04.11.2017
6602,2017/2018,04.11.2017
6606,2017/2018,04.11.2017
6603,2017/2018,05.11.2017
6604,2017/2018,05.11.2017
6607,2017/2018,05.11.2017
6612,2017/2018,11.11.2017
6614,2017/2018,11.11.2017
6615,2017/2018,12.11.2017
6611,2017/2018,12.11.2017
6616,2017/2018,13.11.2017
6613,2017/2018,14.11.2017
6609,2017/2018,15.11.2017
6619,2017/2018,18.11.2017
6617,2017/2018,18.11.2017
6620,2017/2018,18.11.2017
6624,2017/2018,19.11.2017
6622,2017/2018,19.11.2017
6618,2017/2018,20.11.2017
6623,2017/2018,21.11.2017
6629,2017/2018,25.11.2017
6631,2017/2018,25.11.2017
6628,2017/2018,25.11.2017
6626,2017/2018,27.11.2017
6630,2017/2018,27.11.2017
6625,2017/2018,28.11.2017
6627,2017/2018,29.11.2017
6634,2017/2018,02.12.2017
6636,2017/2018,02.12.2017
6633,2017/2018,03.12.2017
6638,2017/2018,03.12.2017
6637,2017/2018,03.12.2017
6639,2017/2018,03.12.2017
6635,2017/2018,04.12.2017
6642,2017/2018,09.12.2017
6646,2017/2018,09.12.2017
6640,2017/2018,10.12.2017
6641,2017/2018,10.12.2017
6645,2017/2018,10.12.2017
6647,2017/2018,10.12.2017
6644,2017/2018,11.12.2017
6648,2017/2018,15.12.2017
6650,2017/2018,15.12.2017
6649,2017/2018,16.12.2017
6651,2017/2018,16.12.2017
6652,2017/2018,16.12.2017
6655,2017/2018,16.12.2017
6653,2017/2018,17.12.2017
6656,2017/2018,07.12.2017
6660,2017/2018,20.12.2017
6658,2017/2018,20.12.2017
6659,2017/2018,20.12.2017
6661,2017/2018,20.12.2017
6662,2017/2018,20.12.2017
6657,2017/2018,21.12.2017
6663,2017/2018,05.01.2018
6667,2017/2018,06.01.2018
6668,2017/2018,06.01.2018
6669,2017/2018,06.01.2018
6670,2017/2018,07.01.2018
6666,2017/2018,07.01.2018
6664,2017/2018,08.01.2018
6678,2017/2018,12.01.2018
6672,2017/2018,13.01.2018
6674,2017/2018,13.01.2018
6673,2017/2018,13.01.2018
6677,2017/2018,14.01.2018
6671,2017/2018,14.01.2018
6675,2017/2018,15.01.2018
6684,2017/2018,20.01.2018
6680,2017/2018,20.01.2018
6683,2017/2018,20.01.2018
6679,2017/2018,20.01.2018
6685,2017/2018,21.01.2018
6682,2017/2018,21.01.2018
6681,2017/2018,11.03.2018
6512,2017/2018,26.01.2018
6510,2017/2018,27.01.2018
6507,2017/2018,27.01.2018
6508,2017/2018,27.01.2018
6686,2017/2018,28.01.2018
6511,2017/2018,28.01.2018
6509,2017/2018,29.01.2018
6519,2017/2018,03.02.2018
6514,2017/2018,03.02.2018
6520,2017/2018,03.02.2018
6516,2017/2018,04.02.2018
6513,2017/2018,04.02.2018
6515,2017/2018,04.02.2018
6518,2017/2018,05.02.2018
6522,2017/2018,10.02.2018
6525,2017/2018,10.02.2018
6527,2017/2018,10.02.2018
6523,2017/2018,10.02.2018
6524,2017/2018,11.02.2018
6526,2017/2018,11.02.2018
6521,2017/2018,11.02.2018
6531,2017/2018,16.02.2018
6530,2017/2018,17.02.2018
6533,2017/2018,17.02.2018
6534,2017/2018,17.02.2018
6535,2017/2018,17.02.2018
6529,2017/2018,18.02.2018
6532,2017/2018,19.02.2018
6536,2017/2018,24.02.2018
6542,2017/2018,24.02.2018
6543,2017/2018,24.02.2018
6540,2017/2018,24.02.2018
6538,2017/2018,25.02.2018
6537,2017/2018,25.02.2018
6541,2017/2018,26.02.2018
6545,2017/2018,03.03.2018
6546,2017/2018,03.03.2018
6548,2017/2018,03.03.2018
6549,2017/2018,03.03.2018
6551,2017/2018,03.03.2018
6544,2017/2018,05.03.2018
6547,2017/2018,05.03.2018
6553,2017/2018,07.03.2018
6555,2017/2018,07.03.2018
6556,2017/2018,07.03.2018
6557,2017/2018,07.03.2018
6558,2017/2018,09.03.2018
6554,2017/2018,09.03.2018
6552,2017/2018,21.03.2018
6565,2017/2018,15.03.2018
6563,2017/2018,16.03.2018
6566,2017/2018,16.03.2018
6559,2017/2018,17.03.2018
6560,2017/2018,18.03.2018
6564,2017/2018,18.03.2018
6562,2017/2018,18.03.2018
6571,2017/2018,24.03.2018
6568,2017/2018,24.03.2018
6570,2017/2018,24.03.2018
6573,2017/2018,25.03.2018
6567,2017/2018,25.03.2018
6569,2017/2018,26.03.2018
6574,2017/2018,31.03.2018
6575,2017/2018,28.03.2018
6576,2017/2018,28.03.2018
6577,2017/2018,28.03.2018
6578,2017/2018,28.03.2018
6581,2017/2018,28.03.2018
6579,2017/2018,29.03.2018
6580,2017/2018,29.03.2018
6582,2017/2018,05.04.2018
6584,2017/2018,05.04.2018
6588,2017/2018,06.04.2018
6586,2017/2018,07.04.2018
6585,2017/2018,07.04.2018
6587,2017/2018,07.04.2018
6589,2017/2018,08.04.2018
6591,2017/2018,11.04.2018
6592,2017/2018,11.04.2018
6593,2017/2018,11.04.2018
6595,2017/2018,11.04.2018
6596,2017/2018,11.04.2018
6597,2017/2018,11.04.2018
6590,2017/2018,11.04.2018
1001131,2017/2018,15.04.2018
1001132,2017/2018,17.04.2018
1001133,2017/2018,20.04.2018
1001134,2017/2018,16.04.2018
1001135,2017/2018,19.04.2018
1001136,2017/2018,23.04.2018
1001170,2017/2018,26.04.2018
1001171,2017/2018,30.04.2018
1001173,2017/2018,26.04.2018
1001174,2017/2018,28.04.2018
1001175,2017/2018,02.05.2018
1001137,2017/2018,15.04.2018
1001138,2017/2018,18.04.2018
1001139,2017/2018,21.04.2018
1001140,2017/2018,15.04.2018
1001141,2017/2018,19.04.2018
1001143,2017/2018,15.04.2018
1001144,2017/2018,16.04.2018
1001146,2017/2018,15.04.2018
1001147,2017/2018,18.04.2018
1001385,2017/2018,24.04.2018
1001386,2017/2018,25.04.2018
1001387,2017/2018,29.04.2018
1001432,2018/2019,02.11.2018
1001399,2018/2019,03.11.2018
1001410,2018/2019,03.11.2018
1001443,2018/2019,03.11.2018
1001421,2018/2019,04.11.2018
1001388,2018/2019,05.11.2018
1001389,2018/2019,09.11.2018
1001391,2018/2019,09.11.2018
1001458,2018/2019,09.11.2018
1001390,2018/2019,10.11.2018
1001459,2018/2019,10.11.2018
1001454,2018/2019,11.11.2018
1001392,2018/2019,14.11.2018
1001393,2018/2019,14.11.2018
1001394,2018/2019,14.11.2018
1001396,2018/2019,14.11.2018
1001395,2018/2019,14.11.2018
1001397,2018/2019,05.12.2018
1001401,2018/2019,17.11.2018
1001404,2018/2019,17.11.2018
1001403,2018/2019,17.11.2018
1001398,2018/2019,18.11.2018
1001402,2018/2019,18.11.2018
1001400,2018/2019,19.11.2018
1001405,2018/2019,21.11.2018
1001407,2018/2019,24.11.2018
1001408,2018/2019,24.11.2018
1001406,2018/2019,24.11.2018
1001411,2018/2019,25.11.2018
1001409,2018/2019,25.11.2018
1001413,2018/2019,28.11.2018
1001414,2018/2019,28.11.2018
1001415,2018/2019,28.11.2018
1001416,2018/2019,28.11.2018
1001417,2018/2019,28.11.2018
1001412,2018/2019,28.11.2018
1001418,2018/2019,01.12.2018
1001424,2018/2019,01.12.2018
1001420,2018/2019,01.12.2018
1001423,2018/2019,02.12.2018
1001422,2018/2019,02.12.2018
1001419,2018/2019,03.12.2018
1001429,2018/2019,07.12.2018
1001428,2018/2019,08.12.2018
1001430,2018/2019,08.12.2018
1001425,2018/2019,08.12.2018
1001426,2018/2019,09.12.2018
1001427,2018/2019,09.12.2018
1001431,2018/2019,11.12.2018
1001434,2018/2019,12.12.2018
1001436,2018/2019,12.12.2018
1001437,2018/2019,12.12.2018
1001433,2018/2019,12.12.2018
1001435,2018/2019,13.12.2018
1001444,2018/2019,14.12.2018
1001438,2018/2019,15.12.2018
1001439,2018/2019,15.12.2018
1001440,2018/2019,15.12.2018
1001441,2018/2019,16.12.2018
1001442,2018/2019,17.12.2018
1001447,2018/2019,22.12.2018
1001448,2018/2019,22.12.2018
1001445,2018/2019,22.12.2018
1001449,2018/2019,22.12.2018
1001446,2018/2019,23.12.2018
1001450,2018/2019,23.12.2018
1001457,2018/2019,29.12.2018
1001452,2018/2019,04.01.2019
1001451,2018/2019,05.01.2019
1001453,2018/2019,06.01.2019
1001455,2018/2019,13.02.2019
1001456,2018/2019,05.03.2019
1001497,2018/2019,11.01.2019
1001493,2018/2019,11.01.2019
1001498,2018/2019,12.01.2019
1001495,2018/2019,13.01.2019
1001496,2018/2019,30.01.2019
1001494,2018/2019,10.03.2019
1001499,2018/2019,16.01.2019
1001500,2018/2019,16.01.2019
1001501,2018/2019,16.01.2019
1001502,2018/2019,16.01.2019
1001504,2018/2019,16.01.2019
1001503,2018/2019,12.03.2019
1001510,2018/2019,19.01.2019
1001505,2018/2019,19.01.2019
1001507,2018/2019,20.01.2019
1001506,2018/2019,20.01.2019
1001509,2018/2019,20.01.2019
1001508,2018/2019,21.01.2019
1001511,2018/2019,25.01.2019
1001514,2018/2019,25.01.2019
1001513,2018/2019,26.01.2019
1001516,2018/2019,27.01.2019
1001515,2018/2019,27.01.2019
1001512,2018/2019,27.01.2019
1001518,2018/2019,02.02.2019
1001461,2018/2019,02.02.2019
1001460,2018/2019,02.02.2019
1001462,2018/2019,03.02.2019
1001519,2018/2019,04.02.2019
1001517,2018/2019,04.02.2019
1001464,2018/2019,08.02.2019
1001463,2018/2019,08.02.2019
1001466,2018/2019,09.02.2019
1001468,2018/2019,10.02.2019
1001465,2018/2019,10.02.2019
1001467,2018/2019,11.02.2019
1001472,2018/2019,15.02.2019
1001471,2018/2019,15.02.2019
1001470,2018/2019,16.02.2019
1001474,2018/2019,17.02.2019
1001469,2018/2019,17.02.2019
1001473,2018/2019,18.02.2019
1001477,2018/2019,22.02.2019
1001480,2018/2019,22.02.2019
1001478,2018/2019,23.02.2019
1001475,2018/2019,23.02.2019
1001479,2018/2019,23.02.2019
1001476,2018/2019,24.02.2019
1001486,2018/2019,01.03.2019
1001482,2018/2019,01.03.2019
1001484,2018/2019,01.03.2019
1001481,2018/2019,02.03.2019
1001483,2018/2019,02.03.2019
1001485,2018/2019,04.03.2019
1001489,2018/2019,16.03.2019
1001492,2018/2019,16.03.2019
1001491,2018/2019,17.03.2019
1001488,2018/2019,17.03.2019
1001487,2018/2019,18.03.2019
1001490,2018/2019,18.03.2019
1002064,2018/2019,24.03.2019
1002065,2018/2019,28.03.2019
1002067,2018/2019,22.03.2019
1002068,2018/2019,28.03.2019
1002097,2018/2019,06.04.2019
1002098,2018/2019,13.04.2019
1002094,2018/2019,07.04.2019
1002095,2018/2019,14.04.2019
1002128,2018/2019,23.04.2019
1002129,2018/2019,26.04.2019
1002130,2018/2019,29.04.2019
1002133,2018/2019,23.04.2019
1002134,2018/2019,26.04.2019
1002135,2018/2019,29.04.2019
1002136,2018/2019,02.05.2019
1002100,2018/2019,07.04.2019
1002101,2018/2019,15.04.2019
1002070,2018/2019,23.03.2019
1002071,2018/2019,30.03.2019
1002072,2018/2019,06.04.2019
1002073,2018/2019,24.03.2019
1002074,2018/2019,31.03.2019
1002076,2018/2019,23.03.2019
1002077,2018/2019,30.03.2019
1002078,2018/2019,05.04.2019
1002138,2018/2019,17.04.2019
1002139,2018/2019,18.04.2019
1002140,2018/2019,27.04.2019
1002141,2018/2019,28.04.2019
1100530,2019/2020,11.10.2019
1100521,2019/2020,12.10.2019
1100529,2019/2020,12.10.2019
1100531,2019/2020,12.10.2019
1100539,2019/2020,12.10.2019
1100535,2019/2020,14.10.2019
1100522,2019/2020,18.10.2019
1100532,2019/2020,18.10.2019
1100541,2019/2020,19.10.2019
1100525,2019/2020,19.10.2019
1100520,2019/2020,20.10.2019
1100536,2019/2020,20.10.2019
1100537,2019/2020,25.10.2019
1100526,2019/2020,26.10.2019
1100533,2019/2020,26.10.2019
1100542,2019/2020,27.10.2019
1100523,2019/2020,28.10.2019
1100524,2019/2020,28.10.2019
1100543,2019/2020,05.11.2019
1100528,2019/2020,08.11.2019
1100540,2019/2020,08.11.2019
1100534,2019/2020,09.11.2019
1100538,2019/2020,09.11.2019
1100527,2019/2020,11.11.2019
1100455,2019/2020,15.11.2019
1100433,2019/2020,16.11.2019
1100422,2019/2020,17.11.2019
1100466,2019/2020,17.11.2019
1100477,2019/2020,18.11.2019
1100444,2019/2020,19.11.2019
1100544,2019/2020,22.11.2019
1100499,2019/2020,23.11.2019
1100431,2019/2020,24.11.2019
1100488,2019/2020,24.11.2019
1100434,2019/2020,25.11.2019
1100510,2019/2020,25.11.2019
1100456,2019/2020,29.11.2019
1100500,2019/2020,29.11.2019
1100445,2019/2020,30.11.2019
1100489,2019/2020,30.11.2019
1100478,2019/2020,30.11.2019
1100467,2019/2020,01.12.2019
1100443,2019/2020,07.12.2019
1100423,2019/2020,07.12.2019
1100446,2019/2020,07.12.2019
1100457,2019/2020,07.12.2019
1100511,2019/2020,08.12.2019
1100545,2019/2020,22.12.2019
1100512,2019/2020,10.12.2019
1100468,2019/2020,11.12.2019
1100501,2019/2020,11.12.2019
1100490,2019/2020,11.12.2019
1100546,2019/2020,11.12.2019
1100479,2019/2020,11.12.2019
1100454,2019/2020,13.12.2019
1100458,2019/2020,14.12.2019
1100469,2019/2020,14.12.2019
1100480,2019/2020,14.12.2019
1100424,2019/2020,15.12.2019
1100435,2019/2020,15.12.2019
1100547,2019/2020,22.10.2019
1100513,2019/2020,23.10.2019
1100491,2019/2020,23.10.2019
1100436,2019/2020,17.12.2019
1100502,2019/2020,18.12.2019
1100425,2019/2020,21.12.2019
1100481,2019/2020,30.10.2019
1100470,2019/2020,30.10.2019
1100492,2019/2020,31.10.2019
1100503,2019/2020,02.11.2019
1100447,2019/2020,03.11.2019
1100459,2019/2020,04.01.2020
1100448,2019/2020,12.11.2019
1100437,2019/2020,13.11.2019
1100548,2019/2020,13.11.2019
1100514,2019/2020,13.11.2019
1100426,2019/2020,08.01.2020
1100746,2019/2020,19.02.2020
1100482,2019/2020,18.01.2020
1100493,2019/2020,18.01.2020
1100756,2019/2020,18.01.2020
1100515,2019/2020,18.01.2020
1100504,2019/2020,19.01.2020
1100549,2019/2020,20.01.2020
1100460,2019/2020,24.01.2020
1100472,2019/2020,24.01.2020
1100427,2019/2020,25.01.2020
1100483,2019/2020,25.01.2020
1100438,2019/2020,25.01.2020
1100449,2019/2020,26.01.2020
1100509,2019/2020,29.01.2020
1100494,2019/2020,29.01.2020
1100550,2019/2020,29.01.2020
1100439,2019/2020,29.01.2020
1100516,2019/2020,29.01.2020
1100428,2019/2020,29.01.2020
1100461,2019/2020,01.02.2020
1100450,2019/2020,01.02.2020
1100505,2019/2020,02.02.2020
1100495,2019/2020,02.02.2020
1100484,2019/2020,02.02.2020
1100473,2019/2020,03.02.2020
1100462,2019/2020,07.02.2020
1100551,2019/2020,08.02.2020
1100451,2019/2020,08.02.2020
1100432,2019/2020,08.02.2020
1100517,2019/2020,09.02.2020
1100440,2019/2020,10.02.2020
1100474,2019/2020,15.02.2020
1100485,2019/2020,15.02.2020
1100518,2019/2020,15.02.2020
1100506,2019/2020,15.02.2020
1100552,2019/2020,16.02.2020
1100496,2019/2020,17.02.2020
1100452,2019/2020,22.02.2020
1100475,2019/2020,22.02.2020
1100486,2019/2020,22.02.2020
1100465,2019/2020,22.02.2020
1100429,2019/2020,23.02.2020
1100441,2019/2020,23.02.2020
1100553,2019/2020,25.02.2020
1100497,2019/2020,26.02.2020
1100519,2019/2020,26.02.2020
1100430,2019/2020,26.02.2020
1100507,2019/2020,26.02.2020
1100442,2019/2020,27.02.2020
1100476,2019/2020,29.02.2020
1100487,2019/2020,29.02.2020
1100498,2019/2020,29.02.2020
1100453,2019/2020,01.03.2020
1100508,2019/2020,02.03.2020
1100463,2019/2020,02.03.2020
1100791,2020/2021,17.09.2020
1100789,2020/2021,18.09.2020
1100786,2020/2021,18.09.2020
1100787,2020/2021,19.09.2020
1100790,2020/2021,20.09.2020
1100788,2020/2021,21.09.2020
1101194,2020/2021,25.09.2020
1101191,2020/2021,26.09.2020
1101182,2020/2021,26.09.2020
1101189,2020/2021,27.09.2020
1101185,2020/2021,28.09.2020
1101179,2020/2021,28.09.2020
1101199,2020/2021,01.10.2020
1101196,2020/2021,02.10.2020
1101208,2020/2021,02.10.2020
1101195,2020/2021,03.10.2020
1101205,2020/2021,05.10.2020
1101202,2020/2021,06.11.2020
1101219,2020/2021,09.10.2020
1101212,2020/2021,10.10.2020
1101214,2020/2021,11.10.2020
1101210,2020/2021,12.10.2020
1101218,2020/2021,05.11.2020
1101216,2020/2021,25.11.2020
1101231,2020/2021,16.10.2020
1101221,2020/2021,17.10.2020
1101229,2020/2021,19.10.2020
1101225,2020/2021,19.10.2020
1101227,2020/2021,09.11.2020
1101223,2020/2021,18.11.2020
1101233,2020/2021,24.10.2020
1101243,2020/2021,26.10.2020
1101239,2020/2021,26.10.2020
1101241,2020/2021,12.11.2020
1101237,2020/2021,18.11.2020
1101235,2020/2021,29.12.2020
1101253,2020/2021,01.11.2020
1101251,2020/2021,02.11.2020
1101249,2020/2021,02.11.2020
1101247,2020/2021,03.12.2020
1101245,2020/2021,17.12.2020
1101255,2020/2021,22.12.2020
1101263,2020/2021,06.11.2020
1101267,2020/2021,10.11.2020
1101257,2020/2021,02.12.2020
1101261,2020/2021,03.12.2020
1101259,2020/2021,09.12.2020
1101265,2020/2021,10.12.2020
1101271,2020/2021,13.11.2020
1101279,2020/2021,13.11.2020
1101273,2020/2021,14.11.2020
1101277,2020/2021,16.11.2020
1101269,2020/2021,16.11.2020
1101275,2020/2021,23.12.2020
1101283,2020/2021,20.11.2020
1101287,2020/2021,21.11.2020
1101285,2020/2021,22.11.2020
1101291,2020/2021,23.11.2020
1101281,2020/2021,23.11.2020
1101289,2020/2021,03.12.2020
1101297,2020/2021,27.11.2020
1101299,2020/2021,29.11.2020
1101177,2020/2021,30.11.2020
1101295,2020/2021,30.11.2020
1101293,2020/2021,30.11.2020
1101175,2020/2021,12.01.2021
1101186,2020/2021,05.12.2020
1101188,2020/2021,06.12.2020
1101197,2020/2021,06.12.2020
1101180,2020/2021,07.12.2020
1101192,2020/2021,07.12.2020
1101183,2020/2021,01.03.2021
1101209,2020/2021,12.12.2020
1101200,2020/2021,13.12.2020
1101211,2020/2021,14.12.2020
1101203,2020/2021,14.12.2020
1101206,2020/2021,30.12.2020
1101213,2020/2021,26.01.2021
1101224,2020/2021,18.12.2020
1101217,2020/2021,19.12.2020
1101220,2020/2021,21.12.2020
1101226,2020/2021,21.12.2020
1101215,2020/2021,06.01.2021
1101222,2020/2021,17.02.2021
1101238,2020/2021,14.10.2020
1101236,2020/2021,08.01.2021
1101232,2020/2021,08.01.2021
1101228,2020/2021,10.01.2021
1101230,2020/2021,11.01.2021
1101234,2020/2021,11.01.2021
1101244,2020/2021,30.10.2020
1101242,2020/2021,15.01.2021
1101246,2020/2021,15.01.2021
1101248,2020/2021,16.01.2021
1101250,2020/2021,18.01.2021
1101240,2020/2021,18.01.2021
1101260,2020/2021,13.11.2020
1101258,2020/2021,22.01.2021
1101252,2020/2021,24.01.2021
1101256,2020/2021,24.01.2021
1101262,2020/2021,25.01.2021
1101254,2020/2021,25.01.2021
1101272,2020/2021,27.10.2020
1101274,2020/2021,29.01.2021
1101270,2020/2021,30.01.2021
1101268,2020/2021,30.01.2021
1101264,2020/2021,31.01.2021
1101266,2020/2021,01.02.2021
1101280,2020/2021,05.02.2021
1101284,2020/2021,06.02.2021
1101286,2020/2021,06.02.2021
1101282,2020/2021,07.02.2021
1101278,2020/2021,08.02.2021
1101276,2020/2021,11.03.2021
1101288,2020/2021,12.02.2021
1101292,2020/2021,13.02.2021
1101298,2020/2021,14.02.2021
1101294,2020/2021,14.02.2021
1101296,2020/2021,15.02.2021
1101290,2020/2021,15.02.2021
1101300,2020/2021,19.02.2021
1101178,2020/2021,26.02.2021
1101181,2020/2021,26.02.2021
1101184,2020/2021,28.02.2021
1101187,2020/2021,01.03.2021
1101176,2020/2021,01.03.2021
1101190,2020/2021,06.03.2021
1101193,2020/2021,06.03.2021
1101201,2020/2021,06.03.2021
1101198,2020/2021,07.03.2021
1101204,2020/2021,08.03.2021
1101207,2020/2021,09.03.2021
1101336,2020/2021,13.03.2021
1101337,2020/2021,19.03.2021
1101334,2020/2021,15.03.2021
1101335,2020/2021,20.03.2021
1101352,2020/2021,23.03.2021
1101331,2020/2021,15.03.2021
1101328,2020/2021,21.03.2021
1101330,2020/2021,14.03.2021
1101329,2020/2021,22.03.2021
1101345,2020/2021,29.03.2021
1101333,2020/2021,02.04.2021
1101386,2020/2021,06.04.2021
1101351,2020/2021,28.03.2021
1101350,2020/2021,01.04.2021
1101332,2020/2021,10.04.2021
1101347,2020/2021,13.04.2021
1101346,2020/2021,17.04.2021
1101389,2020/2021,20.04.2021
1101343,2020/2021,10.04.2021
1101342,2020/2021,13.04.2021
1101340,2020/2021,17.04.2021
1101390,2020/2021,20.04.2021
1101392,2020/2021,24.04.2021
1101341,2020/2021,29.03.2021
1101348,2020/2021,01.04.2021
1101349,2020/2021,27.03.2021
1101344,2020/2021,30.03.2021
1101339,2020/2021,19.03.2021
1101338,2020/2021,01.04.2021
1101710,2021/2022,24.09.2021
1101707,2021/2022,24.09.2021
1101708,2021/2022,25.09.2021
1101709,2021/2022,26.09.2021
1101705,2021/2022,26.09.2021
1101706,2021/2022,27.10.2021
1101699,2021/2022,01.10.2021
1101701,2021/2022,02.10.2021
1101703,2021/2022,02.10.2021
1101704,2021/2022,02.10.2021
1101702,2021/2022,02.10.2021
1101700,2021/2022,04.10.2021
1101693,2021/2022,08.10.2021
1101694,2021/2022,09.10.2021
1101697,2021/2022,09.10.2021
1101698,2021/2022,10.10.2021
1101696,2021/2022,11.10.2021
1101695,2021/2022,11.10.2021
1101691,2021/2022,15.10.2021
1101688,2021/2022,16.10.2021
1101692,2021/2022,16.10.2021
1101687,2021/2022,17.10.2021
1101690,2021/2022,18.10.2021
1101689,2021/2022,18.10.2021
1101683,2021/2022,22.10.2021
1101681,2021/2022,23.10.2021
1101686,2021/2022,24.10.2021
1101685,2021/2022,24.10.2021
1101684,2021/2022,24.10.2021
1101682,2021/2022,25.10.2021
1101648,2021/2022,29.10.2021
1101649,2021/2022,30.10.2021
1101677,2021/2022,30.10.2021
1101678,2021/2022,30.10.2021
1101680,2021/2022,31.10.2021
1101679,2021/2022,01.11.2021
1101647,2021/2022,05.11.2021
1101643,2021/2022,06.11.2021
1101644,2021/2022,06.11.2021
1101642,2021/2022,07.11.2021
1101645,2021/2022,08.11.2021
1101646,2021/2022,08.11.2021
1101636,2021/2022,11.11.2021
1101641,2021/2022,12.11.2021
1101639,2021/2022,13.11.2021
1101637,2021/2022,13.11.2021
1101638,2021/2022,14.11.2021
1101640,2021/2022,15.11.2021
1101635,2021/2022,18.11.2021
1101633,2021/2022,19.11.2021
1101634,2021/2022,19.11.2021
1101630,2021/2022,20.11.2021
1101632,2021/2022,21.11.2021
1101631,2021/2022,22.11.2021
1101624,2021/2022,25.11.2021
1101627,2021/2022,26.11.2021
1101629,2021/2022,27.11.2021
1101628,2021/2022,28.11.2021
1101626,2021/2022,28.11.2021
1101625,2021/2022,29.11.2021
1101618,2021/2022,03.12.2021
1101619,2021/2022,04.12.2021
1101623,2021/2022,04.12.2021
1101622,2021/2022,04.12.2021
1101620,2021/2022,05.12.2021
1101621,2021/2022,06.12.2021
1101616,2021/2022,09.12.2021
1101614,2021/2022,10.12.2021
1101612,2021/2022,11.12.2021
1101613,2021/2022,11.12.2021
1101617,2021/2022,12.12.2021
1101615,2021/2022,13.12.2021
1101610,2021/2022,17.12.2021
1101676,2021/2022,18.12.2021
1101608,2021/2022,18.12.2021
1101611,2021/2022,19.12.2021
1101609,2021/2022,20.12.2021
1101675,2021/2022,20.12.2021
1101669,2021/2022,07.01.2022
1101672,2021/2022,08.01.2022
1101670,2021/2022,09.01.2022
1101674,2021/2022,09.01.2022
1101673,2021/2022,10.01.2022
1101671,2021/2022,31.01.2022
1101667,2021/2022,14.01.2022
1101663,2021/2022,16.01.2022
1101668,2021/2022,16.01.2022
1101664,2021/2022,17.01.2022
1101666,2021/2022,17.01.2022
1101665,2021/2022,18.01.2022
1101657,2021/2022,21.01.2022
1101661,2021/2022,22.01.2022
1101662,2021/2022,23.01.2022
1101660,2021/2022,24.01.2022
1101658,2021/2022,25.02.2022
1101659,2021/2022,27.02.2022
1101653,2021/2022,04.02.2022
1101651,2021/2022,04.02.2022
1101655,2021/2022,05.02.2022
1101654,2021/2022,06.02.2022
1101656,2021/2022,06.02.2022
1101652,2021/2022,07.02.2022
1101605,2021/2022,10.02.2022
1101650,2021/2022,11.02.2022
1101606,2021/2022,12.02.2022
1101604,2021/2022,13.02.2022
1101607,2021/2022,13.02.2022
1101603,2021/2022,14.02.2022
1101600,2021/2022,17.02.2022
1101598,2021/2022,18.02.2022
1101597,2021/2022,19.02.2022
1101599,2021/2022,20.02.2022
1101601,2021/2022,21.02.2022
1101602,2021/2022,22.02.2022
1101594,2021/2022,04.03.2022
1101595,2021/2022,04.03.2022
1101596,2021/2022,05.03.2022
1101591,2021/2022,06.03.2022
1101593,2021/2022,06.03.2022
1101592,2021/2022,07.03.2022
1101586,2021/2022,11.03.2022
1101588,2021/2022,12.03.2022
1101589,2021/2022,13.03.2022
1101590,2021/2022,14.03.2022
1101587,2021/2022,14.03.2022
1101585,2021/2022,15.03.2022
1101580,2021/2022,18.03.2022
1101583,2021/2022,19.03.2022
1101582,2021/2022,20.03.2022
1101584,2021/2022,20.03.2022
1101579,2021/2022,21.03.2022
1101581,2021/2022,21.03.2022
1101960,2021/2022,03.04.2022
1101954,2021/2022,03.04.2022
1101956,2021/2022,04.04.2022
1101958,2021/2022,04.04.2022
1101957,2021/2022,09.04.2022
1101953,2021/2022,10.04.2022
1101955,2021/2022,10.04.2022
1101959,2021/2022,11.04.2022
1102023,2021/2022,14.04.2022
1101974,2021/2022,21.04.2022
1101973,2021/2022,25.04.2022
1101972,2021/2022,21.04.2022
1101971,2021/2022,24.04.2022
1101966,2021/2022,01.05.2022
1101965,2021/2022,05.05.2022
1101964,2021/2022,08.05.2022
1101963,2021/2022,01.05.2022
1101961,2021/2022,05.05.2022
1101962,2021/2022,08.05.2022
1101968,2021/2022,20.04.2022
1101967,2021/2022,24.04.2022
1101970,2021/2022,14.04.2022
1101969,2021/2022,20.04.2022
1101952,2021/2022,01.04.2022
1101951,2021/2022,06.04.2022
1102041,2022/2023,28.10.2022
1102043,2022/2023,29.10.2022
1102109,2022/2023,30.10.2022
1102044,2022/2023,31.10.2022
1102042,2022/2023,31.10.2022
1102048,2022/2023,04.11.2022
1102110,2022/2023,04.11.2022
1102045,2022/2023,05.11.2022
1102047,2022/2023,05.11.2022
1102046,2022/2023,06.11.2022
1102037,2022/2023,11.11.2022
1102038,2022/2023,12.11.2022
1102051,2022/2023,12.11.2022
1102052,2022/2023,14.11.2022
1102050,2022/2023,29.11.2022
1102056,2022/2023,17.11.2022
1102112,2022/2023,17.11.2022
1102039,2022/2023,18.11.2022
1102054,2022/2023,21.11.2022
1102053,2022/2023,22.11.2022
1102145,2022/2023,25.11.2022
1102057,2022/2023,25.11.2022
1102146,2022/2023,26.11.2022
1102059,2022/2023,28.11.2022
1102040,2022/2023,28.11.2022
1102062,2022/2023,02.12.2022
1102060,2022/2023,03.12.2022
1102065,2022/2023,03.12.2022
1102061,2022/2023,04.12.2022
1102147,2022/2023,05.12.2022
1102067,2022/2023,08.12.2022
1102066,2022/2023,09.12.2022
1102150,2022/2023,09.12.2022
1102064,2022/2023,10.12.2022
1102149,2022/2023,11.12.2022
1102072,2022/2023,16.12.2022
1102113,2022/2023,16.12.2022
1102073,2022/2023,17.12.2022
1102070,2022/2023,18.12.2022
1102074,2022/2023,19.12.2022
1102068,2022/2023,23.12.2022
1102075,2022/2023,29.12.2022
1102076,2022/2023,29.12.2022
1102114,2022/2023,29.12.2022
1102069,2022/2023,30.12.2022
1102079,2022/2023,05.01.2023
1102081,2022/2023,06.01.2023
1102152,2022/2023,07.01.2023
1102151,2022/2023,08.01.2023
1102080,2022/2023,09.01.2023
1102085,2022/2023,12.01.2023
1102084,2022/2023,13.01.2023
1102083,2022/2023,13.01.2023
1102086,2022/2023,14.01.2023
1102153,2022/2023,15.01.2023
1102154,2022/2023,21.01.2023
1102088,2022/2023,22.01.2023
1102091,2022/2023,22.01.2023
1102090,2022/2023,23.01.2023
1102089,2022/2023,23.01.2023
1102095,2022/2023,26.01.2023
1102093,2022/2023,26.01.2023
1102092,2022/2023,27.01.2023
1102155,2022/2023,27.01.2023
1102094,2022/2023,29.01.2023
1102100,2022/2023,02.02.2023
1102101,2022/2023,03.02.2023
1102097,2022/2023,04.02.2023
1102156,2022/2023,05.02.2023
1102099,2022/2023,06.02.2023
1102104,2022/2023,10.02.2023
1102158,2022/2023,12.02.2023
1102157,2022/2023,12.02.2023
1102167,2022/2023,13.02.2023
1102102,2022/2023,13.02.2023
1102105,2022/2023,16.02.2023
1102168,2022/2023,17.02.2023
1102159,2022/2023,19.02.2023
1102115,2022/2023,19.02.2023
1102106,2022/2023,20.02.2023
1102116,2022/2023,24.02.2023
1102119,2022/2023,25.02.2023
1102160,2022/2023,26.02.2023
1102161,2022/2023,26.02.2023
1102117,2022/2023,26.02.2023
1102122,2022/2023,03.03.2023
1102120,2022/2023,04.03.2023
1102121,2022/2023,05.03.2023
1102124,2022/2023,06.03.2023
1102162,2022/2023,06.03.2023
1102163,2022/2023,08.03.2023
1102128,2022/2023,10.03.2023
1102125,2022/2023,10.03.2023
1102126,2022/2023,10.03.2023
1102129,2022/2023,12.03.2023
1102131,2022/2023,17.03.2023
1102132,2022/2023,18.03.2023
1102164,2022/2023,18.03.2023
1102134,2022/2023,19.03.2023
1102130,2022/2023,21.03.2023
1102165,2022/2023,22.03.2023
1102137,2022/2023,24.03.2023
1102138,2022/2023,25.03.2023
1102135,2022/2023,25.03.2023
1102139,2022/2023,27.03.2023
1102143,2022/2023,28.03.2023
1102142,2022/2023,28.03.2023
1102144,2022/2023,29.03.2023
1102141,2022/2023,30.03.2023
1102166,2022/2023,30.03.2023
1102649,2022/2023,05.04.2023
1102650,2022/2023,11.04.2023
1102652,2022/2023,04.04.2023
1102653,2022/2023,12.04.2023
1102655,2022/2023,05.04.2023
1102656,2022/2023,11.04.2023
1102657,2022/2023,15.04.2023
1102658,2022/2023,04.04.2023
1102659,2022/2023,11.04.2023
1102661,2022/2023,22.04.2023
1102662,2022/2023,25.04.2023
1102664,2022/2023,21.04.2023
1102665,2022/2023,25.04.2023
1102667,2022/2023,06.04.2023
1102668,2022/2023,12.04.2023
1102669,2022/2023,16.04.2023
1102670,2022/2023,21.04.2023
1102671,2022/2023,20.04.2023
1102672,2022/2023,23.04.2023
1102673,2022/2023,02.05.2023
1102675,2022/2023,06.05.2023
1102674,2022/2023,09.05.2023
1102678,2022/2023,03.05.2023
1102679,2022/2023,07.05.2023
1102680,2022/2023,10.05.2023
1102681,2022/2023,13.05.2023
1103004,2023/2024,08.10.2023
1103002,2023/2024,08.10.2023
1103003,2023/2024,08.10.2023
1103001,2023/2024,08.10.2023
1103000,2023/2024,09.10.2023
1103011,2023/2024,10.10.2023
1103005,2023/2024,13.10.2023
1103010,2023/2024,14.10.2023
1103008,2023/2024,14.10.2023
1103009,2023/2024,15.10.2023
1103007,2023/2024,15.10.2023
1103006,2023/2024,16.10.2023
1103013,2023/2024,19.10.2023
1103014,2023/2024,20.10.2023
1103015,2023/2024,21.10.2023
1103012,2023/2024,22.10.2023
1103016,2023/2024,22.10.2023
1103017,2023/2024,23.10.2023
1103022,2023/2024,26.10.2023
1103021,2023/2024,26.10.2023
1103023,2023/2024,27.10.2023
1103020,2023/2024,27.10.2023
1103018,2023/2024,29.10.2023
1103019,2023/2024,30.10.2023
1103028,2023/2024,03.11.2023
1103029,2023/2024,03.11.2023
1103025,2023/2024,04.11.2023
1103031,2023/2024,05.11.2023
1103035,2023/2024,05.11.2023
1103026,2023/2024,06.11.2023
1103040,2023/2024,08.11.2023
1103033,2023/2024,10.11.2023
1103027,2023/2024,11.11.2023
1103037,2023/2024,11.11.2023
1103030,2023/2024,12.11.2023
1103032,2023/2024,13.11.2023
1103039,2023/2024,17.11.2023
1103034,2023/2024,17.11.2023
1103024,2023/2024,18.11.2023
1103044,2023/2024,19.11.2023
1103038,2023/2024,19.11.2023
1103041,2023/2024,19.11.2023
1103058,2023/2024,23.11.2023
1103053,2023/2024,24.11.2023
1103047,2023/2024,26.11.2023
1103057,2023/2024,27.11.2023
1103051,2023/2024,27.11.2023
1103046,2023/2024,29.11.2023
1103054,2023/2024,02.12.2023
1103045,2023/2024,03.12.2023
1103052,2023/2024,03.12.2023
1103059,2023/2024,03.12.2023
1103061,2023/2024,04.12.2023
1103062,2023/2024,04.12.2023
1103043,2023/2024,07.12.2023
1103063,2023/2024,08.12.2023
1103060,2023/2024,08.12.2023
1103055,2023/2024,09.12.2023
1103050,2023/2024,10.12.2023
1103042,2023/2024,10.12.2023
1103064,2023/2024,12.12.2023
1103067,2023/2024,12.12.2023
1103056,2023/2024,13.12.2023
1103065,2023/2024,14.12.2023
1103049,2023/2024,14.12.2023
1103048,2023/2024,23.12.2023
1103081,2023/2024,15.12.2023
1103071,2023/2024,16.12.2023
1103068,2023/2024,18.12.2023
1103066,2023/2024,18.12.2023
1103069,2023/2024,18.12.2023
1103075,2023/2024,19.12.2023
1103083,2023/2024,29.12.2023
1103073,2023/2024,29.12.2023
1103074,2023/2024,30.12.2023
1103077,2023/2024,30.12.2023
1103082,2023/2024,30.12.2023
1103079,2023/2024,31.12.2023
1103087,2023/2024,04.01.2024
1103078,2023/2024,05.01.2024
1103070,2023/2024,06.01.2024
1103085,2023/2024,06.01.2024
1103088,2023/2024,07.01.2024
1103080,2023/2024,20.02.2024
1103086,2023/2024,13.01.2024
1103084,2023/2024,13.01.2024
1103072,2023/2024,14.01.2024
1103089,2023/2024,15.01.2024
1103090,2023/2024,15.01.2024
1103091,2023/2024,07.02.2024
1103101,2023/2024,20.01.2024
1103076,2023/2024,21.01.2024
1103092,2023/2024,21.01.2024
1103102,2023/2024,21.01.2024
1103099,2023/2024,22.01.2024
1103093,2023/2024,22.01.2024
1103111,2023/2024,26.01.2024
1103109,2023/2024,26.01.2024
1103103,2023/2024,27.01.2024
1103107,2023/2024,27.01.2024
1103115,2023/2024,28.01.2024
1103097,2023/2024,29.01.2024
1103105,2023/2024,03.02.2024
1103116,2023/2024,03.02.2024
1103110,2023/2024,03.02.2024
1103112,2023/2024,04.02.2024
1103108,2023/2024,05.02.2024
1103100,2023/2024,05.02.2024
1103113,2023/2024,09.02.2024
1103095,2023/2024,09.02.2024
1103098,2023/2024,10.02.2024
1103096,2023/2024,11.02.2024
1103114,2023/2024,11.02.2024
1103104,2023/2024,12.02.2024
1103119,2023/2024,23.02.2024
1103121,2023/2024,23.02.2024
1103120,2023/2024,24.02.2024
1103106,2023/2024,25.02.2024
1103118,2023/2024,25.02.2024
1103117,2023/2024,26.02.2024
1103124,2023/2024,02.03.2024
1103125,2023/2024,02.03.2024
1103122,2023/2024,03.03.2024
1103123,2023/2024,03.03.2024
1103036,2023/2024,04.03.2024
1103094,2023/2024,04.03.2024
1103129,2023/2024,07.03.2024
1103126,2023/2024,08.03.2024
1103131,2023/2024,08.03.2024
1103128,2023/2024,08.03.2024
1103130,2023/2024,08.03.2024
1103127,2023/2024,11.03.2024
1103428,2023/2024,22.03.2024
1103429,2023/2024,27.03.2024
1103419,2023/2024,23.03.2024
1103431,2023/2024,26.03.2024
1103421,2023/2024,23.03.2024
1103422,2023/2024,27.03.2024
1103425,2023/2024,21.03.2024
1103426,2023/2024,26.03.2024
1103427,2023/2024,30.03.2024
1103432,2023/2024,02.04.2024
1103433,2023/2024,05.04.2024
1103401,2023/2024,02.04.2024
1103402,2023/2024,05.04.2024
1103417,2023/2024,25.03.2024
1103418,2023/2024,09.04.2024
1103424,2023/2024,04.04.2024
1103404,2023/2024,10.04.2024
1103405,2023/2024,09.04.2024
1103406,2023/2024,13.04.2024
1103407,2023/2024,12.04.2024
1103408,2023/2024,16.04.2024
1103409,2023/2024,19.04.2024
1103410,2023/2024,23.04.2024
1103412,2023/2024,12.04.2024
1103413,2023/2024,16.04.2024
1103414,2023/2024,19.04.2024
1103473,2024/2025,26.09.2024
1103469,2024/2025,27.09.2024
1103472,2024/2025,28.09.2024
1103468,2024/2025,29.09.2024
1103471,2024/2025,29.09.2024
1103470,2024/2025,01.10.2024
1103475,2024/2025,03.10.2024
1103477,2024/2025,04.10.2024
1103479,2024/2025,05.10.2024
1103474,2024/2025,06.10.2024
1103478,2024/2025,07.10.2024
1103476,2024/2025,31.10.2024
1103480,2024/2025,10.10.2024
1103481,2024/2025,12.10.2024
1103485,2024/2025,12.10.2024
1103483,2024/2025,12.10.2024
1103482,2024/2025,14.10.2024
1103484,2024/2025,15.10.2024
1103491,2024/2025,17.10.2024
1103487,2024/2025,19.10.2024
1103489,2024/2025,19.10.2024
1103486,2024/2025,20.10.2024
1103490,2024/2025,21.10.2024
1103488,2024/2025,22.10.2024
1103493,2024/2025,24.10.2024
1103496,2024/2025,25.10.2024
1103492,2024/2025,26.10.2024
1103497,2024/2025,26.10.2024
1103494,2024/2025,26.10.2024
1103495,2024/2025,27.10.2024
1103500,2024/2025,31.10.2024
1103498,2024/2025,02.11.2024
1103503,2024/2025,02.11.2024
1103501,2024/2025,03.11.2024
1103499,2024/2025,04.11.2024
1103502,2024/2025,04.11.2024
1103506,2024/2025,30.10.2024
1103507,2024/2025,09.11.2024
1103504,2024/2025,10.11.2024
1103505,2024/2025,10.11.2024
1103509,2024/2025,10.11.2024
1103508,2024/2025,23.12.2024
1103510,2024/2025,15.11.2024
1103514,2024/2025,17.11.2024
1103512,2024/2025,18.11.2024
1103513,2024/2025,18.11.2024
1103511,2024/2025,18.11.2024
1103515,2024/2025,18.11.2024
1103517,2024/2025,21.11.2024
1103521,2024/2025,22.11.2024
1103518,2024/2025,23.11.2024
1103516,2024/2025,23.11.2024
1103520,2024/2025,24.11.2024
1103519,2024/2025,12.02.2025
1103523,2024/2025,29.11.2024
1103525,2024/2025,30.11.2024
1103524,2024/2025,30.11.2024
1103526,2024/2025,01.12.2024
1103527,2024/2025,01.12.2024
1103522,2024/2025,02.12.2024
1103529,2024/2025,05.12.2024
1103531,2024/2025,05.12.2024
1103532,2024/2025,06.12.2024
1103533,2024/2025,07.12.2024
1103528,2024/2025,08.12.2024
1103530,2024/2025,09.12.2024
1103539,2024/2025,14.12.2024
1103535,2024/2025,14.12.2024
1103534,2024/2025,15.12.2024
1103537,2024/2025,15.12.2024
1103538,2024/2025,16.12.2024
1103536,2024/2025,30.12.2024
1103545,2024/2025,19.12.2024
1103542,2024/2025,19.12.2024
1103541,2024/2025,20.12.2024
1103540,2024/2025,20.12.2024
1103544,2024/2025,20.12.2024
1103543,2024/2025,21.12.2024
1103548,2024/2025,03.01.2025
1103550,2024/2025,04.01.2025
1103549,2024/2025,05.01.2025
1103546,2024/2025,05.01.2025
1103551,2024/2025,05.01.2025
1103547,2024/2025,12.03.2025
1103554,2024/2025,10.01.2025
1103555,2024/2025,11.01.2025
1103557,2024/2025,11.01.2025
1103556,2024/2025,11.01.2025
1103553,2024/2025,13.01.2025
1103552,2024/2025,29.01.2025
1103559,2024/2025,23.01.2025
1103558,2024/2025,24.01.2025
1103561,2024/2025,25.01.2025
1103563,2024/2025,26.01.2025
1103560,2024/2025,26.01.2025
1103562,2024/2025,27.01.2025
1103567,2024/2025,30.01.2025
1103566,2024/2025,31.01.2025
1103565,2024/2025,01.02.2025
1103568,2024/2025,01.02.2025
1103569,2024/2025,03.02.2025
1103564,2024/2025,13.02.2025
1103575,2024/2025,07.02.2025
1103571,2024/2025,07.02.2025
1103570,2024/2025,08.02.2025
1103573,2024/2025,08.02.2025
1103572,2024/2025,08.02.2025
1103574,2024/2025,09.02.2025
1103581,2024/2025,20.02.2025
1103577,2024/2025,21.02.2025
1103580,2024/2025,22.02.2025
1103579,2024/2025,23.02.2025
1103576,2024/2025,24.02.2025
1103578,2024/2025,25.02.2025
1103583,2024/2025,27.02.2025
1103582,2024/2025,28.02.2025
1103587,2024/2025,01.03.2025
1103585,2024/2025,01.03.2025
1103584,2024/2025,02.03.2025
1103586,2024/2025,03.03.2025
1103593,2024/2025,07.03.2025
1103591,2024/2025,07.03.2025
1103592,2024/2025,08.03.2025
1103588,2024/2025,09.03.2025
1103590,2024/2025,09.03.2025
1103589,2024/2025,10.03.2025
1103595,2024/2025,13.03.2025
1103597,2024/2025,16.03.2025
1103594,2024/2025,16.03.2025
1103596,2024/2025,17.03.2025
1103598,2024/2025,17.03.2025
1103599,2024/2025,18.03.2025
1104105,2024/2025,22.03.2025
1104073,2024/2025,26.03.2025
1104104,2024/2025,20.03.2025
1104074,2024/2025,27.03.2025
1104072,2024/2025,30.03.2025
1104076,2024/2025,21.03.2025
1104085,2024/2025,26.03.2025
1104089,2024/2025,20.03.2025
1104081,2024/2025,24.03.2025
1104078,2024/2025,04.04.2025
1104083,2024/2025,08.04.2025
1104086,2024/2025,04.04.2025
1104079,2024/2025,08.04.2025
1104087,2024/2025,25.03.2025
1104088,2024/2025,04.04.2025
1104091,2024/2025,10.04.2025
1104099,2024/2025,14.04.2025
1104101,2024/2025,11.04.2025
1104097,2024/2025,16.04.2025
1104092,2024/2025,16.04.2025
1104100,2024/2025,19.04.2025
1104095,2024/2025,22.04.2025
1104090,2024/2025,15.04.2025
1104098,2024/2025,18.04.2025
1104093,2024/2025,22.04.2025
1104403,2025/2026,09.10.2025
1104503,2025/2026,10.10.2025
1104520,2025/2026,11.10.2025
1104405,2025/2026,11.10.2025
1104404,2025/2026,13.10.2025
1104402,2025/2026,14.10.2025
1104409,2025/2026,16.10.2025
1104410,2025/2026,18.10.2025
1104505,2025/2026,18.10.2025
1104406,2025/2026,19.10.2025
1104411,2025/2026,19.10.2025
1104504,2025/2026,10.12.2025
1104413,2025/2026,23.10.2025
1104407,2025/2026,24.10.2025
1104522,2025/2026,24.10.2025
1104412,2025/2026,25.10.2025
1104414,2025/2026,27.10.2025
1104408,2025/2026,27.10.2025
1104416,2025/2026,30.10.2025
1104524,2025/2026,31.10.2025
1104523,2025/2026,31.10.2025
1104417,2025/2026,01.11.2025
1104418,2025/2026,02.11.2025
1104415,2025/2026,02.11.2025
1104422,2025/2026,06.11.2025
1104525,2025/2026,07.11.2025
1104526,2025/2026,08.11.2025
1104419,2025/2026,09.11.2025
1104420,2025/2026,10.11.2025
1104421,2025/2026,10.11.2025
1104527,2025/2026,13.11.2025
1104425,2025/2026,14.11.2025
1104528,2025/2026,14.11.2025
1104423,2025/2026,15.11.2025
1104424,2025/2026,17.11.2025
1104426,2025/2026,18.11.2025
1104530,2025/2026,20.11.2025
1104429,2025/2026,21.11.2025
1104430,2025/2026,21.11.2025
1104529,2025/2026,22.11.2025
1104427,2025/2026,22.11.2025
1104428,2025/2026,22.11.2025
1104435,2025/2026,28.11.2025
1104432,2025/2026,29.11.2025
1104433,2025/2026,29.11.2025
1104531,2025/2026,29.11.2025
1104431,2025/2026,30.11.2025
1104434,2025/2026,01.12.2025
1104533,2025/2026,05.12.2025
1104439,2025/2026,07.12.2025
1104436,2025/2026,08.12.2025
1104532,2025/2026,08.12.2025
1104438,2025/2026,08.12.2025
1104437,2025/2026,09.12.2025
1104444,2025/2026,12.12.2025
1104443,2025/2026,12.12.2025
1104521,2025/2026,13.12.2025
1104442,2025/2026,14.12.2025
1104440,2025/2026,14.12.2025
1104441,2025/2026,15.12.2025
1104506,2025/2026,18.12.2025
1104446,2025/2026,19.12.2025
1104447,2025/2026,20.12.2025
1104448,2025/2026,21.12.2025
1104449,2025/2026,22.12.2025
1104507,2025/2026,22.12.2025
1104445,2025/2026,28.12.2025
1104508,2025/2026,28.12.2025
1104509,2025/2026,28.12.2025
1104451,2025/2026,30.12.2025
1104450,2025/2026,06.01.2026
1104452,2025/2026,04.03.2026
1104511,2025/2026,09.01.2026
1104459,2025/2026,10.01.2026
1104453,2025/2026,11.01.2026
1104510,2025/2026,09.02.2026
1104460,2025/2026,11.02.2026
1104458,2025/2026,24.02.2026
1104457,2025/2026,15.01.2026
1104455,2025/2026,17.01.2026
1104512,2025/2026,17.01.2026
1104456,2025/2026,18.01.2026
1104454,2025/2026,18.01.2026
1104513,2025/2026,19.01.2026
1104461,2025/2026,23.01.2026
1104514,2025/2026,23.01.2026
1104464,2025/2026,23.01.2026
1104462,2025/2026,25.01.2026
1104465,2025/2026,26.01.2026
1104463,2025/2026,26.01.2026
1104469,2025/2026,31.01.2026
1104515,2025/2026,31.01.2026
1104516,2025/2026,31.01.2026
1104466,2025/2026,31.01.2026
1104468,2025/2026,02.02.2026
1104467,2025/2026,11.02.2026
1104474,2025/2026,14.02.2026
1104472,2025/2026,15.02.2026
1104473,2025/2026,15.02.2026
1104517,2025/2026,16.02.2026
1104471,2025/2026,16.02.2026
1104470,2025/2026,02.03.2026
1104480,2025/2026,19.02.2026
1104479,2025/2026,20.02.2026
1104476,2025/2026,20.02.2026
1104475,2025/2026,21.02.2026
1104477,2025/2026,22.02.2026
1104478,2025/2026,22.02.2026
1104481,2025/2026,12.02.2026
1104486,2025/2026,27.02.2026
1104482,2025/2026,27.02.2026
1104484,2025/2026,01.03.2026
1104485,2025/2026,01.03.2026
1104483,2025/2026,02.03.2026
1104492,2025/2026,05.03.2026
1104487,2025/2026,06.03.2026
1104489,2025/2026,06.03.2026
1104490,2025/2026,07.03.2026
1104491,2025/2026,08.03.2026
1104488,2025/2026,09.03.2026
1104496,2025/2026,12.03.2026
1104495,2025/2026,14.03.2026
1104494,2025/2026,14.03.2026
1104497,2025/2026,14.03.2026
1104493,2025/2026,15.03.2026
1104498,2025/2026,16.03.2026
1104501,2025/2026,09.03.2026
1104499,2025/2026,19.03.2026
1104518,2025/2026,20.03.2026
1104519,2025/2026,20.03.2026
1104500,2025/2026,21.03.2026
1104502,2025/2026,21.03.2026
1104803,2025/2026,24.03.2026
1104805,2025/2026,28.03.2026
1104804,2025/2026,25.03.2026
1104774,2025/2026,30.03.2026
1104799,2025/2026,24.03.2026
1104775,2025/2026,28.03.2026
1104776,2025/2026,31.03.2026
1104800,2025/2026,25.03.2026
1104801,2025/2026,29.03.2026
1104792,2025/2026,03.04.2026
1104794,2025/2026,07.04.2026
1104796,2025/2026,11.04.2026
1104773,2025/2026,04.04.2026
1104793,2025/2026,08.04.2026
1104778,2025/2026,30.03.2026
1104798,2025/2026,11.04.2026
1104797,2025/2026,04.04.2026
1104779,2025/2026,13.04.2026
1104795,2025/2026,03.04.2026
1104780,2025/2026,09.04.2026
1104782,2025/2026,15.04.2026
1104783,2025/2026,18.04.2026
1104784,2025/2026,21.04.2026
1104785,2025/2026,25.04.2026
1104787,2025/2026,15.04.2026
1104788,2025/2026,19.04.2026
1104789,2025/2026,22.04.2026
1104790,2025/2026,26.04.2026
1104791,2025/2026,29.04.2026
